Brand,Collection Name
A. Lange & Söhne,Odysseus
A. Lange & Söhne,Richard Lange
A. Lange & Söhne,Saxonia
A. Lange & Söhne,Cabaret
A. Lange & Söhne,Zeitwerk
A. Lange & Söhne,1815
A. Lange & Söhne,Lange 1
Audemars Piguet,Royal Oak Concept
Audemars Piguet,Royal Oak Offshore
Audemars Piguet,Jules Audemars
Audemars Piguet,Royal Oak
Audemars Piguet,Millenary
Audemars Piguet,CODE 11.59
Audemars Piguet,Classique
BVLGARI,B.Zero1
BVLGARI,Bvlgari Bvlgari
BVLGARI,Octo
BVLGARI,Serpenti
Ball,Conductor
Ball,Engineer III
Ball,Engineer Master II
Ball,Engineer II
Ball,Fireman
Ball,Engineer M
Ball,Engineer Hydrocarbon
Ball,Trainmaster
Baume & Mercier,Hampton
Baume & Mercier,Linea
Baume & Mercier,Capeland
Baume & Mercier,Classima
Baume & Mercier,Clifton
Bell & Ross,Marine
Bell & Ross,Vintage
Bell & Ross,Instruments
Blancpain,Villeret
Blancpain,Fifty Fathoms
Breguet,Classique Complications
Breguet,Reine de Naples
Breguet,Classique
Breguet,La Marine
Breguet,Tradition
Breitling,Bentley
Breitling,Montbrillant
Breitling,Navitimer
Breitling,Superocean
Breitling,Chrono-Matic
Breitling,Premier
Breitling,Cockpit
Breitling,Colt
Breitling,Chronomat
Breitling,Avenger
Breitling,Windrider
Breitling,Chronoliner
Breitling,Galactic
Breitling,Transocean
Breitling,Aerospace
Breitling,Superocean Heritage
Breitling,Aviator 8
Bulova,CURV
Bulova,Accu-Swiss
Bulova,Archive
Bulova,Modern
Bulova,Precisionist
Bulova,Marine Star
Bulova,Accutron
Bulova,Crystal
Bulova,Rubaiyat
Bulova,Classic
Cartier,Indomptables
Cartier,Maillon
Cartier,Santos
Cartier,Ballon Blanc
Cartier,Baignoire
Cartier,Pasha
Cartier,Tank
Cartier,Ballon Bleu
Cartier,Panthère
Cartier,Drive
Cartier,Clé
Cartier,Rotonde
Cartier,Ronde
Cartier,Caliber
Casio,Edifice
Casio,Pro Trek
Casio,G-Shock
Chopard,Classic Racing
Chopard,LUC
Chopard,Imperiale
Chopard,Alpine Eagle
Citizen,Promaster
Citizen,Satellite Wave
Citizen,Eco-Drive
Damasko,Diver
Damasko,Chronograph
Frederique Constant,Ladies Automatic
Frederique Constant,Runabout
Frederique Constant,Slimline
Frederique Constant,Highlife
Frederique Constant,Classics
Frederique Constant,Art Deco
Frederique Constant,Horological Smartwatch
Girard-Perregaux,1966
Girard-Perregaux,Laureato
Girard-Perregaux,Vintage 1945
Glashütte Original,Spezialist
Glashütte Original,Senator
Glashütte Original,Pano
Glycine,Incursore
Glycine,Combat
Glycine,Airman
H. Moser & Cie,Endeavour
H. Moser & Cie,Venturer
H. Moser & Cie,Pioneer
H. Moser & Cie,Heritage
H. Moser & Cie,Streamliner
Hamilton,Jazzmaster
Hamilton,Khaki
Hublot,Big Bang
Hublot,Classic Fusion
Hublot,Spirit of Big Bang
IWC,Portofino
IWC,Ingenieur
IWC,Portugieser
IWC,Pilot
IWC,Aquatimer
IWC,Da Vinci
Jaeger-LeCoultre,AMVOX
Jaeger-LeCoultre,Polaris
Jaeger-LeCoultre,Reverso
Jaeger-LeCoultre,Rendez-Vous
Jaeger-LeCoultre,Master
Jaeger-LeCoultre,Geophysic
Jaeger-LeCoultre,Duometre
Junghans,Meister
Junghans,Max Bill
Junghans,Form
Laco,Vintage
Laco,Classics
Laco,Navy Watches
Laco,Pilot Watches
Laco,Chronographs
Laco,Squad Watches
Longines,GrandeVitesse
Longines,Admiral
Longines,Equestrian
Longines,HydroConquest
Longines,Master Collection
Longines,Record
Longines,Conquest
Longines,La Grande Classique
Longines,Heritage
Longines,Saint Imier
Longines,PrimaLuna
Longines,Elegant
Longines,Evidenza
Longines,DolceVita
Longines,Symphonette
Mido,Multifort
Mido,Rainflower
Mido,Commander
Mido,Ocean Star
Montblanc,Bohème
Montblanc,4810
Montblanc,Tradition
Montblanc,Star
Montblanc,TimeWalker
Montblanc,1858
Montblanc,Heritage
Nomos,Lambda
Nomos,Minimatik
Nomos,Tangomat
Nomos,Tetra
Nomos,Club
Nomos,Tangente
Nomos,Zurich
Nomos,Orion
Nomos,Autobahn
Nomos,Metro
Nomos,Ahoi
Nomos,Ludwig
Omega,Dynamic
Omega,Constellation
Omega,Railmaster
Omega,Seamaster
Omega,Aqua Terra
Omega,De Ville
Omega,Speedmaster
Omega,Planet Ocean
Orient,Ray
Orient,Sun and Moon
Orient,Mako
Orient,Star
Orient,Bambino
Oris,Divers Sixty-Five
Oris,Big Crown
Oris,Aquis
Panerai,Luminor
Panerai,Radiomir
Panerai,Ferrari
Parmigiani Fleurier,Tonda
Patek Philippe,Nautilus
Patek Philippe,Calatrava
Patek Philippe,Golden Ellipse
Patek Philippe,Twenty~4
Patek Philippe,Complications
Patek Philippe,Gondolo
Patek Philippe,Grand Complications
Patek Philippe,Aquanaut
Piaget,Altiplano
Piaget,Polo
Rado,Captain Cook
Rado,HyperChrome
Rado,D-Star
Rolex,Milgauss
Rolex,Pearlmaster
Rolex,1908
Rolex,Yacht-Master
Rolex,Sea-Dweller
Rolex,Oyster Perpetual
Rolex,Air-King
Rolex,Sky-Dweller
Rolex,GMT-Master
Rolex,Submariner
Rolex,Date
Rolex,Daytona
Rolex,Datejust
Rolex,Day-Date
Rolex,Cellini
Rolex,Explorer
Rolex,Explorer II
Seiko,Astron
Seiko,Recraft
Seiko,SKX
Seiko,Coutura
Seiko,Presage
Seiko,Chronograph
Seiko,Prospex
Seiko,Seiko 5
Seiko,King Seiko
Sinn,103
Sinn,U1
Sinn,556
Sinn,104
Squale,20 Atmos
Squale,50 Atmos
Swatch,Touch
Swatch,Big Bold
Swatch,Skin
Swatch,New Gent
Swatch,Scuba Fifty Fathoms
Swatch,Irony
Swatch,Lady
Swatch,Moonswatch
Swatch,Pop
Swatch,Sistem51
Swatch,Chrono
Swatch,Gent
TAG Heuer,Carrera
TAG Heuer,Formula 1
TAG Heuer,Link
TAG Heuer,Connected
TAG Heuer,Autavia
TAG Heuer,Aquaracer
TAG Heuer,Monaco
TAG Heuer,Kirium
Tissot,Seastar
Tissot,Heritage
Tissot,Touch
Tissot,Everytime
Tissot,PR 100
Tissot,T-Classic
Tissot,PRS
Tissot,T-Sport
Tissot,T-Trend
Tissot,Couturier
Tissot,Le Locle
Tissot,PRC
Tissot,T-Gold
Tudor,Pelagos
Tudor,Black Bay
Tudor,Submariner
Tudor,Prince
Ulysse Nardin,Classico
Ulysse Nardin,Blast
Ulysse Nardin,Marine
Ulysse Nardin,Freak
Ulysse Nardin,Diver
Vacheron Constantin,Métiers d'Art
Vacheron Constantin,Patrimony
Vacheron Constantin,Traditionnelle
Vacheron Constantin,Overseas
Vacheron Constantin,Malte
Vacheron Constantin,Quai De L'ile
Vacheron Constantin,Harmony
Vacheron Constantin,Historiques
Vacheron Constantin,FiftySix
Zenith,Class
Zenith,Pilot
Zenith,Defy
Zenith,Elite
Zenith,El Primero
